--------------------------------------------------------
--  File created - Monday-August-16-2021   
--------------------------------------------------------
--------------------------------------------------------
--  DDL for Table DateTasks
--------------------------------------------------------

  CREATE TABLE "PROJECT"."DateTasks" 
   (	"ID_DATE" NUMBER(*,0), 
	"DATE_TASK" DATE, 
	"START_TIME" TIMESTAMP (6), 
	"END_TIME" TIMESTAMP (6), 
	"ID_TASK" NUMBER(*,0)
   ) SEGMENT CREATION IMMEDIATE 
  PCTFREE 10 PCTUSED 40 INITRANS 1 MAXTRANS 255 NOCOMPRESS LOGGING
  STORAGE(INITIAL 65536 NEXT 1048576 MINEXTENTS 1 MAXEXTENTS 2147483645
  PCTINCREASE 0 FREELISTS 1 FREELIST GROUPS 1 BUFFER_POOL DEFAULT FLASH_CACHE DEFAULT CELL_FLASH_CACHE DEFAULT)
  TABLESPACE "USERS" ;
--------------------------------------------------------
--  DDL for Table PeriodTasks
--------------------------------------------------------

  CREATE TABLE "PROJECT"."PeriodTasks" 
   (	"ID_DAY" NUMBER(*,0), 
	"DAY_WEEK" VARCHAR2(20 CHAR), 
	"START_TIME" TIMESTAMP (6), 
	"END_TIME" TIMESTAMP (6), 
	"ID_TASK" NUMBER(*,0)
   ) SEGMENT CREATION IMMEDIATE 
  PCTFREE 10 PCTUSED 40 INITRANS 1 MAXTRANS 255 NOCOMPRESS LOGGING
  STORAGE(INITIAL 65536 NEXT 1048576 MINEXTENTS 1 MAXEXTENTS 2147483645
  PCTINCREASE 0 FREELISTS 1 FREELIST GROUPS 1 BUFFER_POOL DEFAULT FLASH_CACHE DEFAULT CELL_FLASH_CACHE DEFAULT)
  TABLESPACE "USERS" ;
--------------------------------------------------------
--  DDL for Table Tasks
--------------------------------------------------------

  CREATE TABLE "PROJECT"."Tasks" 
   (	"ID_TASK" NUMBER(*,0), 
	"TASK" VARCHAR2(500 CHAR), 
	"ID_USER" NUMBER(*,0)
   ) SEGMENT CREATION IMMEDIATE 
  PCTFREE 10 PCTUSED 40 INITRANS 1 MAXTRANS 255 NOCOMPRESS LOGGING
  STORAGE(INITIAL 65536 NEXT 1048576 MINEXTENTS 1 MAXEXTENTS 2147483645
  PCTINCREASE 0 FREELISTS 1 FREELIST GROUPS 1 BUFFER_POOL DEFAULT FLASH_CACHE DEFAULT CELL_FLASH_CACHE DEFAULT)
  TABLESPACE "USERS" ;
--------------------------------------------------------
--  DDL for Table UserAccount
--------------------------------------------------------

  CREATE TABLE "PROJECT"."UserAccount" 
   (	"ID_USER" NUMBER(*,0), 
	"USER_APP" VARCHAR2(50 CHAR), 
	"EMAIL" VARCHAR2(150 CHAR), 
	"PASS_USER" VARCHAR2(150 CHAR)
   ) SEGMENT CREATION IMMEDIATE 
  PCTFREE 10 PCTUSED 40 INITRANS 1 MAXTRANS 255 NOCOMPRESS LOGGING
  STORAGE(INITIAL 65536 NEXT 1048576 MINEXTENTS 1 MAXEXTENTS 2147483645
  PCTINCREASE 0 FREELISTS 1 FREELIST GROUPS 1 BUFFER_POOL DEFAULT FLASH_CACHE DEFAULT CELL_FLASH_CACHE DEFAULT)
  TABLESPACE "USERS" ;
REM INSERTING into PROJECT."DateTasks"
SET DEFINE OFF;
Insert into PROJECT."DateTasks" (ID_DATE,DATE_TASK,START_TIME,END_TIME,ID_TASK) values (61,to_date('15-AUG-21','DD-MON-RR'),to_timestamp('01-AUG-21 10.10.00.000000000 AM','DD-MON-RR HH.MI.SSXFF AM'),to_timestamp('01-AUG-21 11.05.00.000000000 PM','DD-MON-RR HH.MI.SSXFF AM'),81);
Insert into PROJECT."DateTasks" (ID_DATE,DATE_TASK,START_TIME,END_TIME,ID_TASK) values (65,to_date('15-AUG-21','DD-MON-RR'),to_timestamp('01-AUG-21 08.30.00.000000000 PM','DD-MON-RR HH.MI.SSXFF AM'),to_timestamp('01-AUG-21 10.55.00.000000000 PM','DD-MON-RR HH.MI.SSXFF AM'),85);
Insert into PROJECT."DateTasks" (ID_DATE,DATE_TASK,START_TIME,END_TIME,ID_TASK) values (64,to_date('14-AUG-21','DD-MON-RR'),to_timestamp('01-AUG-21 08.30.00.000000000 PM','DD-MON-RR HH.MI.SSXFF AM'),to_timestamp('01-AUG-21 10.55.00.000000000 PM','DD-MON-RR HH.MI.SSXFF AM'),85);
Insert into PROJECT."DateTasks" (ID_DATE,DATE_TASK,START_TIME,END_TIME,ID_TASK) values (43,to_date('03-JUN-21','DD-MON-RR'),to_timestamp('01-JUN-21 03.22.00.000000000 PM','DD-MON-RR HH.MI.SSXFF AM'),to_timestamp('01-JUN-21 05.48.00.000000000 PM','DD-MON-RR HH.MI.SSXFF AM'),64);
Insert into PROJECT."DateTasks" (ID_DATE,DATE_TASK,START_TIME,END_TIME,ID_TASK) values (44,to_date('05-JUN-21','DD-MON-RR'),to_timestamp('01-JUN-21 03.22.00.000000000 PM','DD-MON-RR HH.MI.SSXFF AM'),to_timestamp('01-JUN-21 05.48.00.000000000 PM','DD-MON-RR HH.MI.SSXFF AM'),64);
Insert into PROJECT."DateTasks" (ID_DATE,DATE_TASK,START_TIME,END_TIME,ID_TASK) values (45,to_date('03-JUN-21','DD-MON-RR'),to_timestamp('01-JUN-21 09.51.00.000000000 AM','DD-MON-RR HH.MI.SSXFF AM'),to_timestamp('01-JUN-21 12.10.00.000000000 PM','DD-MON-RR HH.MI.SSXFF AM'),67);
REM INSERTING into PROJECT."PeriodTasks"
SET DEFINE OFF;
Insert into PROJECT."PeriodTasks" (ID_DAY,DAY_WEEK,START_TIME,END_TIME,ID_TASK) values (83,'wednesday',to_timestamp('01-AUG-21 09.00.00.000000000 AM','DD-MON-RR HH.MI.SSXFF AM'),to_timestamp('01-AUG-21 09.30.00.000000000 AM','DD-MON-RR HH.MI.SSXFF AM'),84);
Insert into PROJECT."PeriodTasks" (ID_DAY,DAY_WEEK,START_TIME,END_TIME,ID_TASK) values (84,'thursday',to_timestamp('01-AUG-21 09.00.00.000000000 AM','DD-MON-RR HH.MI.SSXFF AM'),to_timestamp('01-AUG-21 09.30.00.000000000 AM','DD-MON-RR HH.MI.SSXFF AM'),84);
Insert into PROJECT."PeriodTasks" (ID_DAY,DAY_WEEK,START_TIME,END_TIME,ID_TASK) values (81,'monday',to_timestamp('01-AUG-21 09.00.00.000000000 AM','DD-MON-RR HH.MI.SSXFF AM'),to_timestamp('01-AUG-21 09.30.00.000000000 AM','DD-MON-RR HH.MI.SSXFF AM'),84);
Insert into PROJECT."PeriodTasks" (ID_DAY,DAY_WEEK,START_TIME,END_TIME,ID_TASK) values (82,'tuesday',to_timestamp('01-AUG-21 09.00.00.000000000 AM','DD-MON-RR HH.MI.SSXFF AM'),to_timestamp('01-AUG-21 09.30.00.000000000 AM','DD-MON-RR HH.MI.SSXFF AM'),84);
Insert into PROJECT."PeriodTasks" (ID_DAY,DAY_WEEK,START_TIME,END_TIME,ID_TASK) values (85,'friday',to_timestamp('01-AUG-21 09.00.00.000000000 AM','DD-MON-RR HH.MI.SSXFF AM'),to_timestamp('01-AUG-21 09.30.00.000000000 AM','DD-MON-RR HH.MI.SSXFF AM'),84);
Insert into PROJECT."PeriodTasks" (ID_DAY,DAY_WEEK,START_TIME,END_TIME,ID_TASK) values (46,'monday',to_timestamp('01-JUN-21 07.29.00.000000000 AM','DD-MON-RR HH.MI.SSXFF AM'),to_timestamp('01-JUN-21 08.10.00.000000000 AM','DD-MON-RR HH.MI.SSXFF AM'),65);
Insert into PROJECT."PeriodTasks" (ID_DAY,DAY_WEEK,START_TIME,END_TIME,ID_TASK) values (47,'tuesday',to_timestamp('01-JUN-21 07.29.00.000000000 AM','DD-MON-RR HH.MI.SSXFF AM'),to_timestamp('01-JUN-21 08.10.00.000000000 AM','DD-MON-RR HH.MI.SSXFF AM'),65);
Insert into PROJECT."PeriodTasks" (ID_DAY,DAY_WEEK,START_TIME,END_TIME,ID_TASK) values (48,'wednesday',to_timestamp('01-JUN-21 07.29.00.000000000 AM','DD-MON-RR HH.MI.SSXFF AM'),to_timestamp('01-JUN-21 08.10.00.000000000 AM','DD-MON-RR HH.MI.SSXFF AM'),65);
Insert into PROJECT."PeriodTasks" (ID_DAY,DAY_WEEK,START_TIME,END_TIME,ID_TASK) values (49,'thursday',to_timestamp('01-JUN-21 07.29.00.000000000 AM','DD-MON-RR HH.MI.SSXFF AM'),to_timestamp('01-JUN-21 08.10.00.000000000 AM','DD-MON-RR HH.MI.SSXFF AM'),65);
Insert into PROJECT."PeriodTasks" (ID_DAY,DAY_WEEK,START_TIME,END_TIME,ID_TASK) values (50,'friday',to_timestamp('01-JUN-21 07.29.00.000000000 AM','DD-MON-RR HH.MI.SSXFF AM'),to_timestamp('01-JUN-21 08.10.00.000000000 AM','DD-MON-RR HH.MI.SSXFF AM'),65);
Insert into PROJECT."PeriodTasks" (ID_DAY,DAY_WEEK,START_TIME,END_TIME,ID_TASK) values (56,'monday',to_timestamp('01-JUN-21 09.01.00.000000000 PM','DD-MON-RR HH.MI.SSXFF AM'),to_timestamp('01-JUN-21 09.58.00.000000000 PM','DD-MON-RR HH.MI.SSXFF AM'),69);
Insert into PROJECT."PeriodTasks" (ID_DAY,DAY_WEEK,START_TIME,END_TIME,ID_TASK) values (57,'tuesday',to_timestamp('01-JUN-21 09.01.00.000000000 PM','DD-MON-RR HH.MI.SSXFF AM'),to_timestamp('01-JUN-21 09.58.00.000000000 PM','DD-MON-RR HH.MI.SSXFF AM'),69);
Insert into PROJECT."PeriodTasks" (ID_DAY,DAY_WEEK,START_TIME,END_TIME,ID_TASK) values (58,'wednesday',to_timestamp('01-JUN-21 09.01.00.000000000 PM','DD-MON-RR HH.MI.SSXFF AM'),to_timestamp('01-JUN-21 09.58.00.000000000 PM','DD-MON-RR HH.MI.SSXFF AM'),69);
Insert into PROJECT."PeriodTasks" (ID_DAY,DAY_WEEK,START_TIME,END_TIME,ID_TASK) values (59,'thursday',to_timestamp('01-JUN-21 09.01.00.000000000 PM','DD-MON-RR HH.MI.SSXFF AM'),to_timestamp('01-JUN-21 09.58.00.000000000 PM','DD-MON-RR HH.MI.SSXFF AM'),69);
Insert into PROJECT."PeriodTasks" (ID_DAY,DAY_WEEK,START_TIME,END_TIME,ID_TASK) values (60,'friday',to_timestamp('01-JUN-21 09.01.00.000000000 PM','DD-MON-RR HH.MI.SSXFF AM'),to_timestamp('01-JUN-21 09.58.00.000000000 PM','DD-MON-RR HH.MI.SSXFF AM'),69);
Insert into PROJECT."PeriodTasks" (ID_DAY,DAY_WEEK,START_TIME,END_TIME,ID_TASK) values (61,'saturday',to_timestamp('01-JUN-21 09.01.00.000000000 PM','DD-MON-RR HH.MI.SSXFF AM'),to_timestamp('01-JUN-21 09.58.00.000000000 PM','DD-MON-RR HH.MI.SSXFF AM'),69);
Insert into PROJECT."PeriodTasks" (ID_DAY,DAY_WEEK,START_TIME,END_TIME,ID_TASK) values (62,'sunday',to_timestamp('01-JUN-21 09.01.00.000000000 PM','DD-MON-RR HH.MI.SSXFF AM'),to_timestamp('01-JUN-21 09.58.00.000000000 PM','DD-MON-RR HH.MI.SSXFF AM'),69);
Insert into PROJECT."PeriodTasks" (ID_DAY,DAY_WEEK,START_TIME,END_TIME,ID_TASK) values (2,'saturday',to_timestamp('01-MAY-21 12.18.00.000000000 PM','DD-MON-RR HH.MI.SSXFF AM'),to_timestamp('01-MAY-21 04.18.00.000000000 PM','DD-MON-RR HH.MI.SSXFF AM'),1);
Insert into PROJECT."PeriodTasks" (ID_DAY,DAY_WEEK,START_TIME,END_TIME,ID_TASK) values (3,'sunday',to_timestamp('01-MAY-21 12.18.00.000000000 PM','DD-MON-RR HH.MI.SSXFF AM'),to_timestamp('01-MAY-21 04.18.00.000000000 PM','DD-MON-RR HH.MI.SSXFF AM'),1);
REM INSERTING into PROJECT."Tasks"
SET DEFINE OFF;
Insert into PROJECT."Tasks" (ID_TASK,TASK,ID_USER) values (85,'Watching a TV series',41);
Insert into PROJECT."Tasks" (ID_TASK,TASK,ID_USER) values (81,'A trip to the mountains',2);
Insert into PROJECT."Tasks" (ID_TASK,TASK,ID_USER) values (84,'Drink coffee',41);
Insert into PROJECT."Tasks" (ID_TASK,TASK,ID_USER) values (67,'Go to school',2);
Insert into PROJECT."Tasks" (ID_TASK,TASK,ID_USER) values (63,'Have breakfast',21);
Insert into PROJECT."Tasks" (ID_TASK,TASK,ID_USER) values (64,'Mers la mall',21);
Insert into PROJECT."Tasks" (ID_TASK,TASK,ID_USER) values (65,'Have breakfast',2);
Insert into PROJECT."Tasks" (ID_TASK,TASK,ID_USER) values (69,'Teeth care',2);
Insert into PROJECT."Tasks" (ID_TASK,TASK,ID_USER) values (1,'swimming',2);
Insert into PROJECT."Tasks" (ID_TASK,TASK,ID_USER) values (2,'swimming',2);
Insert into PROJECT."Tasks" (ID_TASK,TASK,ID_USER) values (3,'swimming',2);
REM INSERTING into PROJECT."UserAccount"
SET DEFINE OFF;
Insert into PROJECT."UserAccount" (ID_USER,USER_APP,EMAIL,PASS_USER) values (2,'ank21','anca@email.com','sha256$6AgWXyVq$b4c6d18c7bf0ded2a8a1a9c018e232f16ceaa005db71c62f37975bdebc33459e');
Insert into PROJECT."UserAccount" (ID_USER,USER_APP,EMAIL,PASS_USER) values (41,'user1','user1@gmail.com','sha256$7M5oQoph$5fe5b555428dbc452e0b8729b1608bd0a7ae3b2b61d11c654e97d0dc01c191e9');
Insert into PROJECT."UserAccount" (ID_USER,USER_APP,EMAIL,PASS_USER) values (21,'kivy','kivy@yahoo.com','sha256$TnZc8cyV$62b861eb51f5ff8d7f404ba2e461a4d80721312268a837d52715c84b70b5ba78');
--------------------------------------------------------
--  DDL for Index SYS_C007297
--------------------------------------------------------

  CREATE UNIQUE INDEX "PROJECT"."SYS_C007297" ON "PROJECT"."DateTasks" ("ID_DATE") 
  PCTFREE 10 INITRANS 2 MAXTRANS 255 COMPUTE STATISTICS 
  STORAGE(INITIAL 65536 NEXT 1048576 MINEXTENTS 1 MAXEXTENTS 2147483645
  PCTINCREASE 0 FREELISTS 1 FREELIST GROUPS 1 BUFFER_POOL DEFAULT FLASH_CACHE DEFAULT CELL_FLASH_CACHE DEFAULT)
  TABLESPACE "USERS" ;
--------------------------------------------------------
--  DDL for Index SYS_C007300
--------------------------------------------------------

  CREATE UNIQUE INDEX "PROJECT"."SYS_C007300" ON "PROJECT"."PeriodTasks" ("ID_DAY") 
  PCTFREE 10 INITRANS 2 MAXTRANS 255 COMPUTE STATISTICS 
  STORAGE(INITIAL 65536 NEXT 1048576 MINEXTENTS 1 MAXEXTENTS 2147483645
  PCTINCREASE 0 FREELISTS 1 FREELIST GROUPS 1 BUFFER_POOL DEFAULT FLASH_CACHE DEFAULT CELL_FLASH_CACHE DEFAULT)
  TABLESPACE "USERS" ;
--------------------------------------------------------
--  DDL for Index SYS_C007294
--------------------------------------------------------

  CREATE UNIQUE INDEX "PROJECT"."SYS_C007294" ON "PROJECT"."Tasks" ("ID_TASK") 
  PCTFREE 10 INITRANS 2 MAXTRANS 255 COMPUTE STATISTICS 
  STORAGE(INITIAL 65536 NEXT 1048576 MINEXTENTS 1 MAXEXTENTS 2147483645
  PCTINCREASE 0 FREELISTS 1 FREELIST GROUPS 1 BUFFER_POOL DEFAULT FLASH_CACHE DEFAULT CELL_FLASH_CACHE DEFAULT)
  TABLESPACE "USERS" ;
--------------------------------------------------------
--  DDL for Index SYS_C007290
--------------------------------------------------------

  CREATE UNIQUE INDEX "PROJECT"."SYS_C007290" ON "PROJECT"."UserAccount" ("ID_USER") 
  PCTFREE 10 INITRANS 2 MAXTRANS 255 COMPUTE STATISTICS 
  STORAGE(INITIAL 65536 NEXT 1048576 MINEXTENTS 1 MAXEXTENTS 2147483645
  PCTINCREASE 0 FREELISTS 1 FREELIST GROUPS 1 BUFFER_POOL DEFAULT FLASH_CACHE DEFAULT CELL_FLASH_CACHE DEFAULT)
  TABLESPACE "USERS" ;
--------------------------------------------------------
--  DDL for Index SYS_C007291
--------------------------------------------------------

  CREATE UNIQUE INDEX "PROJECT"."SYS_C007291" ON "PROJECT"."UserAccount" ("USER_APP") 
  PCTFREE 10 INITRANS 2 MAXTRANS 255 COMPUTE STATISTICS 
  STORAGE(INITIAL 65536 NEXT 1048576 MINEXTENTS 1 MAXEXTENTS 2147483645
  PCTINCREASE 0 FREELISTS 1 FREELIST GROUPS 1 BUFFER_POOL DEFAULT FLASH_CACHE DEFAULT CELL_FLASH_CACHE DEFAULT)
  TABLESPACE "USERS" ;
--------------------------------------------------------
--  DDL for Index SYS_C007292
--------------------------------------------------------

  CREATE UNIQUE INDEX "PROJECT"."SYS_C007292" ON "PROJECT"."UserAccount" ("EMAIL") 
  PCTFREE 10 INITRANS 2 MAXTRANS 255 COMPUTE STATISTICS 
  STORAGE(INITIAL 65536 NEXT 1048576 MINEXTENTS 1 MAXEXTENTS 2147483645
  PCTINCREASE 0 FREELISTS 1 FREELIST GROUPS 1 BUFFER_POOL DEFAULT FLASH_CACHE DEFAULT CELL_FLASH_CACHE DEFAULT)
  TABLESPACE "USERS" ;
--------------------------------------------------------
--  Constraints for Table DateTasks
--------------------------------------------------------

  ALTER TABLE "PROJECT"."DateTasks" ADD PRIMARY KEY ("ID_DATE")
  USING INDEX PCTFREE 10 INITRANS 2 MAXTRANS 255 COMPUTE STATISTICS 
  STORAGE(INITIAL 65536 NEXT 1048576 MINEXTENTS 1 MAXEXTENTS 2147483645
  PCTINCREASE 0 FREELISTS 1 FREELIST GROUPS 1 BUFFER_POOL DEFAULT FLASH_CACHE DEFAULT CELL_FLASH_CACHE DEFAULT)
  TABLESPACE "USERS"  ENABLE;
  ALTER TABLE "PROJECT"."DateTasks" MODIFY ("ID_DATE" NOT NULL ENABLE);
--------------------------------------------------------
--  Constraints for Table PeriodTasks
--------------------------------------------------------

  ALTER TABLE "PROJECT"."PeriodTasks" ADD PRIMARY KEY ("ID_DAY")
  USING INDEX PCTFREE 10 INITRANS 2 MAXTRANS 255 COMPUTE STATISTICS 
  STORAGE(INITIAL 65536 NEXT 1048576 MINEXTENTS 1 MAXEXTENTS 2147483645
  PCTINCREASE 0 FREELISTS 1 FREELIST GROUPS 1 BUFFER_POOL DEFAULT FLASH_CACHE DEFAULT CELL_FLASH_CACHE DEFAULT)
  TABLESPACE "USERS"  ENABLE;
  ALTER TABLE "PROJECT"."PeriodTasks" MODIFY ("ID_DAY" NOT NULL ENABLE);
--------------------------------------------------------
--  Constraints for Table Tasks
--------------------------------------------------------

  ALTER TABLE "PROJECT"."Tasks" ADD PRIMARY KEY ("ID_TASK")
  USING INDEX PCTFREE 10 INITRANS 2 MAXTRANS 255 COMPUTE STATISTICS 
  STORAGE(INITIAL 65536 NEXT 1048576 MINEXTENTS 1 MAXEXTENTS 2147483645
  PCTINCREASE 0 FREELISTS 1 FREELIST GROUPS 1 BUFFER_POOL DEFAULT FLASH_CACHE DEFAULT CELL_FLASH_CACHE DEFAULT)
  TABLESPACE "USERS"  ENABLE;
  ALTER TABLE "PROJECT"."Tasks" MODIFY ("ID_TASK" NOT NULL ENABLE);
--------------------------------------------------------
--  Constraints for Table UserAccount
--------------------------------------------------------

  ALTER TABLE "PROJECT"."UserAccount" ADD UNIQUE ("EMAIL")
  USING INDEX PCTFREE 10 INITRANS 2 MAXTRANS 255 COMPUTE STATISTICS 
  STORAGE(INITIAL 65536 NEXT 1048576 MINEXTENTS 1 MAXEXTENTS 2147483645
  PCTINCREASE 0 FREELISTS 1 FREELIST GROUPS 1 BUFFER_POOL DEFAULT FLASH_CACHE DEFAULT CELL_FLASH_CACHE DEFAULT)
  TABLESPACE "USERS"  ENABLE;
  ALTER TABLE "PROJECT"."UserAccount" ADD UNIQUE ("USER_APP")
  USING INDEX PCTFREE 10 INITRANS 2 MAXTRANS 255 COMPUTE STATISTICS 
  STORAGE(INITIAL 65536 NEXT 1048576 MINEXTENTS 1 MAXEXTENTS 2147483645
  PCTINCREASE 0 FREELISTS 1 FREELIST GROUPS 1 BUFFER_POOL DEFAULT FLASH_CACHE DEFAULT CELL_FLASH_CACHE DEFAULT)
  TABLESPACE "USERS"  ENABLE;
  ALTER TABLE "PROJECT"."UserAccount" ADD PRIMARY KEY ("ID_USER")
  USING INDEX PCTFREE 10 INITRANS 2 MAXTRANS 255 COMPUTE STATISTICS 
  STORAGE(INITIAL 65536 NEXT 1048576 MINEXTENTS 1 MAXEXTENTS 2147483645
  PCTINCREASE 0 FREELISTS 1 FREELIST GROUPS 1 BUFFER_POOL DEFAULT FLASH_CACHE DEFAULT CELL_FLASH_CACHE DEFAULT)
  TABLESPACE "USERS"  ENABLE;
  ALTER TABLE "PROJECT"."UserAccount" MODIFY ("ID_USER" NOT NULL ENABLE);
--------------------------------------------------------
--  Ref Constraints for Table DateTasks
--------------------------------------------------------

  ALTER TABLE "PROJECT"."DateTasks" ADD FOREIGN KEY ("ID_TASK")
	  REFERENCES "PROJECT"."Tasks" ("ID_TASK") ENABLE;
--------------------------------------------------------
--  Ref Constraints for Table PeriodTasks
--------------------------------------------------------

  ALTER TABLE "PROJECT"."PeriodTasks" ADD FOREIGN KEY ("ID_TASK")
	  REFERENCES "PROJECT"."Tasks" ("ID_TASK") ENABLE;
--------------------------------------------------------
--  Ref Constraints for Table Tasks
--------------------------------------------------------

  ALTER TABLE "PROJECT"."Tasks" ADD FOREIGN KEY ("ID_USER")
	  REFERENCES "PROJECT"."UserAccount" ("ID_USER") ENABLE;
